{"cameraMode":{"drawMode":0,"name":"Shaded","section":"Shading Mode"},"sceneLighting":true,"audioPlay":false,"sceneViewState":{"m_AlwaysRefresh":false,"showFog":true,"showSkybox":true,"showFlares":true,"showImageEffects":false,"showParticleSystems":true,"showVisualEffectGraphs":true,"m_FxEnabled":true},"in2DMode":false,"pivot":{"x":2.1887402534484865,"y":1.3892908096313477,"z":-5.2178239822387699},"rotation":{"x":-0.20405349135398866,"y":0.22641995549201966,"z":-0.048574116080999377,"w":-0.951178789138794},"size":5.543842315673828,"orthographic":false}